Var1	Var2	exprs	level.err	Ct	Ct.error	dCt	dCt.error	ddCt	ddCt.error	Difference	numberNA	number	Plate
Gene1	Sample1	1	0	38.635117	0.66551916084838	1.34202000000000	0.332770010980807	0	0	1.342757	0	3	Experiment1.txt
Gene2	Sample1	1	0	35.951077	0.00526947590689339	-1.34202000000001	0.332770010980807	0	0	0.184257000000002	0	3	Experiment1.txt
Gene3	Sample1	1	0	35.52575	0.255086627984168	-1.767347	0.419291149423047	0	0	1.04295000000000	0	3	Experiment1.txt
Gene1	Sample2	8.5132500164003	1.98258579660202	34.44003	0.0909020678330977	-1.74769	0.0463194644417077	-3.08971000000000	0.335978232917451	0.399453000000001	0	3	Experiment1.txt
Gene2	Sample2	0.117463953023058	0.0273552831677218	37.93541	0.0178545570746912	1.74769	0.0463194644417077	3.08971000000000	0.335978232917451	0.269603999999994	0	3	Experiment1.txt
Gene3	Sample2	0.340687046529632	0.136563792371872	35.973854	0.395578465138505	-0.213865999999996	0.39828107520632	1.55348100000000	0.578301723023546	1.500096	0	3	Experiment1.txt
